{
  "generation": 1,
  "total_parameters": 102082560,
  "top_eigenvalues": [
    64.17271423339844,
    60.65382766723633,
    61.04315948486328
  ],
  "eigenvalue_density": [
    64.90398406982422,
    59.79270553588867,
    61.461795806884766,
    45.28226852416992,
    40.66696548461914,
    37.44619369506836,
    34.425350189208984,
    32.72482681274414,
    29.447669982910156,
    29.70090103149414,
    -9.038640975952148,
    -8.312995910644531,
    -7.6582465171813965,
    -6.737355709075928,
    -5.525661468505859,
    -4.054519176483154,
    -2.45046067237854,
    8.288762910524383e-05,
    -0.5198022723197937,
    0.9279277920722961,
    3.1216020584106445,
    5.336047649383545,
    7.588943004608154,
    9.981367111206055,
    13.101288795471191,
    15.984997749328613,
    23.209583282470703,
    22.621570587158203,
    17.879419326782227,
    20.37614631652832
  ],
  "max_eigenvalue": 64.17271423339844,
  "bulk_center": 14.475649111236114,
  "bulk_width": 18.455147818369056,
  "spectral_ratio": 3.4772256968608555,
  "computation_time_minutes": 11.120036554336547,
  "density_computed": true,
  "num_density_eigenvals": 30
}