{
  "generation": 3,
  "total_parameters": 102082560,
  "top_eigenvalues": [
    81.99029541015625,
    -65.68606567382812,
    63.303314208984375
  ],
  "eigenvalue_density": [
    82.24198150634766,
    68.111572265625,
    60.772491455078125,
    53.49523162841797,
    48.80500793457031,
    41.70100784301758,
    39.75223159790039,
    34.131797790527344,
    30.532407760620117,
    -69.76890563964844,
    25.437074661254883,
    20.27048683166504,
    14.328471183776855,
    8.715657234191895,
    2.656811237335205,
    3.9374051993945614e-05,
    -2.290696859359741,
    -62.09553146362305,
    -59.47472381591797,
    -55.397979736328125,
    -53.142032623291016,
    -50.1369514465332,
    -46.43782043457031,
    -41.23335266113281,
    -8.314580917358398,
    -14.423898696899414,
    -36.46273422241211,
    -20.28756332397461,
    -26.07790184020996,
    -31.17435646057129
  ],
  "max_eigenvalue": 81.99029541015625,
  "bulk_center": -7.00429691462224,
  "bulk_width": 38.971413998450906,
  "spectral_ratio": 2.103857340496173,
  "computation_time_minutes": 31.996162573496502,
  "density_computed": true,
  "num_density_eigenvals": 30
}