{
  "attention": {
    "num_params": 26542080,
    "top_eigenvalues": [
      1086.7918701171875,
      122.32023620605469,
      109.3053970336914,
      96.97074127197266,
      81.21897888183594,
      79.45830535888672,
      65.78824615478516,
      60.426143646240234,
      55.66426086425781,
      -57.862361907958984,
      -64.20643615722656,
      -67.72456359863281,
      -71.00279998779297,
      -75.78871154785156,
      -90.13573455810547,
      -96.8134765625,
      -110.2818832397461,
      -242.66143798828125,
      -344.54931640625,
      -1970.8089599609375
    ],
    "top_eigenvalue": 1086.7918701171875,
    "bottom_eigenvalue": -1970.8089599609375,
    "median_eigenvalue": -61.034400939941406,
    "num_positive": 9,
    "num_negative": 11,
    "spectral_ratio_abs": 17.806218351952104,
    "trace_approx": -1433.891357421875
  }
}