{
  "generation": 0,
  "total_parameters": 102082560,
  "top_eigenvalues": [
    25.856464385986328,
    23.927406311035156,
    19.610445022583008
  ],
  "eigenvalue_density": [
    26.006452560424805,
    23.87718391418457,
    19.81671142578125,
    19.019927978515625,
    16.907428741455078,
    15.232004165649414,
    14.541478157043457,
    14.015301704406738,
    12.322163581848145,
    11.431042671203613,
    10.418121337890625,
    9.557416915893555,
    8.73138427734375,
    8.006448745727539,
    7.224427700042725,
    5.740037441253662,
    4.844454288482666,
    3.9046037197113037,
    3.014484167098999,
    2.1637985706329346,
    -2.3958497047424316,
    -2.0720582008361816,
    -1.8645023107528687,
    -1.5034382343292236,
    -1.0651172399520874,
    -0.497578501701355,
    -0.0005100771086290479,
    0.03194822371006012,
    1.3178502321243286,
    0.6539738774299622
  ],
  "max_eigenvalue": 25.856464385986328,
  "bulk_center": 6.482232570648193,
  "bulk_width": 13.404562536627054,
  "spectral_ratio": 1.9289301172891917,
  "computation_time_minutes": 12.008787365754445,
  "density_computed": true,
  "num_density_eigenvals": 30
}