{
    "generation": 5,
    "top_eigenvalues": [
        769.22802734375,
        232.9014129638672,
        158.7262420654297
    ],
    "bulk_width_iqr": 5.189823796163197,
    "spectral_ratio": 148.21852485867348,
    "plot_x": [
        -114.49320220947266,
        -59.3133659362793,
        -38.079593658447266,
        -28.809242248535156,
        -22.617183685302734,
        -10.327184677124023,
        -0.0008503496646881104,
        0.16789540648460388,
        10.74298095703125,
        24.088659286499023,
        36.54026794433594,
        49.25370407104492,
        64.84701538085938,
        68.05487060546875,
        76.313232421875,
        98.4181900024414,
        130.18955993652344,
        158.91708374023438,
        233.31057739257812,
        769.3480834960938
    ],
    "plot_y": [
        4.991863884915897e-09,
        3.2508188404828476e-10,
        8.388410836772027e-10,
        5.816936869391953e-09,
        3.8381636076124924e-08,
        3.5303859500789697e-07,
        0.9948636729337063,
        0.005134726475833004,
        8.572335766707622e-07,
        1.5651470366799118e-07,
        3.629124399967806e-08,
        2.5493782176341496e-08,
        1.1409436357915309e-08,
        4.237237489648518e-08,
        2.7548799434929906e-09,
        2.292118732767949e-09,
        1.6149961933240903e-09,
        1.5164850505208946e-08,
        3.198282504192017e-08,
        1.4072717785349295e-08
    ]
}