{
  "generation": 4,
  "total_parameters": 102082560,
  "top_eigenvalues": [
    -106.94448852539062,
    -97.31686401367188,
    87.0096206665039
  ],
  "eigenvalue_density": [
    -107.5352783203125,
    -97.50389862060547,
    89.77862548828125,
    69.13123321533203,
    -86.3871078491211,
    -80.51111602783203,
    -78.0429916381836,
    -73.516845703125,
    -70.13566589355469,
    -63.68394088745117,
    -56.9036750793457,
    -52.18882751464844,
    56.140716552734375,
    54.74246597290039,
    -44.73627471923828,
    -37.62137222290039,
    -30.704456329345703,
    45.81686782836914,
    -22.868513107299805,
    -14.976056098937988,
    -7.464929580688477,
    0.0009832591749727726,
    -0.6659054756164551,
    40.65732955932617,
    37.23422622680664,
    29.679479598999023,
    5.899488925933838,
    24.907739639282227,
    19.613718032836914,
    13.140460014343262
  ],
  "max_eigenvalue": 87.0096206665039,
  "bulk_center": -21.343334980624995,
  "bulk_width": 49.002836660939785,
  "spectral_ratio": 1.7756037526672281,
  "computation_time_minutes": 24.567368046442667,
  "density_computed": true,
  "num_density_eigenvals": 30
}