{
  "generation": 4,
  "total_parameters": 102082560,
  "top_eigenvalues": [
    -107.2176513671875,
    -96.90171813964844,
    87.8193359375
  ],
  "eigenvalue_density": [
    89.77864074707031,
    69.13121795654297,
    -107.5352554321289,
    56.14072799682617,
    54.74238586425781,
    45.81746292114258,
    -97.50383758544922,
    37.52461624145508,
    33.71907043457031,
    28.805452346801758,
    24.305025100708008,
    18.744890213012695,
    11.883988380432129,
    5.017428398132324,
    0.00047406877274625003,
    -1.1777329444885254,
    -86.38762664794922,
    -8.040814399719238,
    -80.51288604736328,
    -78.0578384399414,
    -73.02611541748047,
    -68.18473052978516,
    -15.50656509399414,
    -63.16229248046875,
    -23.216833114624023,
    -29.885778427124023,
    -56.0571403503418,
    -50.7458381652832,
    -38.51776885986328,
    -43.77556228637695
  ],
  "max_eigenvalue": 87.8193359375,
  "bulk_center": -11.77368974685669,
  "bulk_width": 89.06634998321533,
  "spectral_ratio": 0.9859990440166199,
  "computation_time_minutes": 22.581426322460175,
  "density_computed": true,
  "num_density_eigenvals": 30
}