{
    "generation": 4,
    "top_eigenvalues": [
        788.0367431640625,
        214.45468139648438,
        152.0403594970703
    ],
    "bulk_width_iqr": 2.891177368033455,
    "spectral_ratio": 272.5660320522209,
    "plot_x": [
        -95.6484146118164,
        -44.76593017578125,
        -30.9101619720459,
        -24.507389068603516,
        -17.21788787841797,
        -5.782251834869385,
        -6.18336780462414e-05,
        2.133399486541748,
        13.179584503173828,
        23.31671714782715,
        38.53876495361328,
        46.1659049987793,
        56.962684631347656,
        72.7030029296875,
        79.94876098632812,
        95.6729736328125,
        120.0582275390625,
        152.18722534179688,
        214.7527313232422,
        788.7008056640625
    ],
    "plot_y": [
        9.055003682691319e-09,
        4.8438856122339435e-09,
        5.263930450669389e-09,
        7.913831326860726e-09,
        6.530741757643925e-08,
        1.4951846714656181e-06,
        0.9999715107628137,
        2.6180351250984946e-05,
        4.440908630032077e-07,
        1.2454485401518686e-07,
        3.0874556172079376e-08,
        5.3522548991553514e-08,
        9.643547049787405e-10,
        4.6541537376538615e-10,
        4.4405149894026915e-08,
        7.161817519569774e-11,
        3.1783161256467827e-09,
        4.054009984602602e-09,
        7.509154193727518e-09,
        7.63635465116777e-09
    ]
}