{
    "generation": 3,
    "top_eigenvalues": [
        833.8935546875,
        190.1446075439453,
        142.11119079589844
    ],
    "bulk_width_iqr": 0.5950250543982614,
    "spectral_ratio": 1401.4427603066265,
    "plot_x": [
        -74.05439758300781,
        -30.688858032226562,
        -21.40269660949707,
        -18.26845359802246,
        -10.45069694519043,
        -1.1899113655090332,
        8.320991037180647e-05,
        5.3939690589904785,
        15.16045093536377,
        23.065044403076172,
        35.6854362487793,
        47.16935729980469,
        54.78034973144531,
        71.54652404785156,
        72.65933227539062,
        92.26110076904297,
        115.05733489990234,
        142.27032470703125,
        190.5267333984375,
        834.1533203125
    ],
    "plot_y": [
        1.3574157796087385e-08,
        6.094493086298433e-10,
        1.3398297569323601e-08,
        1.1325328082216504e-08,
        1.0550088781016466e-07,
        4.432500935103893e-05,
        0.9999533352615093,
        1.930050428733769e-06,
        1.4606478758937458e-07,
        8.342292379908404e-08,
        7.863989973188395e-09,
        7.861148690238223e-09,
        2.795765190970261e-10,
        4.160071670151412e-09,
        3.0975100064924873e-09,
        7.979261328738675e-09,
        6.909017698403782e-10,
        1.7712044100133478e-09,
        1.74182113450241e-09,
        3.3739349630392695e-10
    ]
}