{
  "generation": 2,
  "total_parameters": 102082560,
  "top_eigenvalues": [
    72.19063568115234,
    54.815589904785156,
    44.89454650878906
  ],
  "eigenvalue_density": [
    72.33680725097656,
    54.93017578125,
    44.94676208496094,
    38.185672760009766,
    37.912132263183594,
    34.82698440551758,
    31.420413970947266,
    28.616090774536133,
    25.875635147094727,
    23.096403121948242,
    19.94537353515625,
    16.713808059692383,
    12.991328239440918,
    9.258784294128418,
    5.745880603790283,
    2.031682014465332,
    0.0001772589166648686,
    -0.8552802205085754,
    -4.426462650299072,
    -30.95188331604004,
    -7.943345069885254,
    -11.2507963180542,
    -28.106861114501953,
    -27.781116485595703,
    -25.34244728088379,
    -23.8890438079834,
    -21.84797477722168,
    -19.594783782958984,
    -17.46732521057129,
    -14.319903373718262
  ],
  "max_eigenvalue": 72.19063568115234,
  "bulk_center": 3.8887813091278076,
  "bulk_width": 44.61144661903381,
  "spectral_ratio": 1.6182088040684979,
  "computation_time_minutes": 9.494942883650463,
  "density_computed": true,
  "num_density_eigenvals": 30
}