{
  "generation": 2,
  "total_parameters": 102082560,
  "top_eigenvalues": [
    72.2246322631836,
    54.91144561767578,
    44.80882263183594
  ],
  "eigenvalue_density": [
    72.33721160888672,
    54.93012237548828,
    44.94688415527344,
    38.18569564819336,
    37.91211700439453,
    34.83754348754883,
    31.314817428588867,
    28.650564193725586,
    -30.95184326171875,
    -28.686874389648438,
    -27.993925094604492,
    -25.224266052246094,
    -24.425350189208984,
    -21.430694580078125,
    -19.4587459564209,
    -16.30477523803711,
    -13.900116920471191,
    25.202739715576172,
    22.896574020385742,
    -10.826115608215332,
    -7.7063374519348145,
    20.07424545288086,
    -4.218257427215576,
    0.00025260852999053895,
    -0.7199510931968689,
    2.1722605228424072,
    5.935420513153076,
    9.549442291259766,
    13.308002471923828,
    16.30916404724121
  ],
  "max_eigenvalue": 72.2246322631836,
  "bulk_center": 3.5517310820900354,
  "bulk_width": 23.14828337252026,
  "spectral_ratio": 3.120085887186034,
  "computation_time_minutes": 9.266971532503764,
  "density_computed": true,
  "num_density_eigenvals": 30
}