{
    "generation": 2,
    "top_eigenvalues": [
        755.9838256835938,
        170.36666870117188,
        125.90057373046875
    ],
    "bulk_width_iqr": 0.5052743090956384,
    "spectral_ratio": 1496.1849674025302,
    "plot_x": [
        -47.48717498779297,
        -17.290523529052734,
        -11.318065643310547,
        -7.17626428604126,
        -1.0104942321777344,
        1.8297478163731284e-05,
        4.028649806976318,
        11.642966270446777,
        19.211347579956055,
        29.571088790893555,
        37.65052032470703,
        44.44118881225586,
        52.281272888183594,
        68.17450714111328,
        75.12173461914062,
        88.66401672363281,
        95.94103240966797,
        126.14323425292969,
        170.5498046875,
        756.2664184570312
    ],
    "plot_y": [
        1.1111788500523962e-08,
        1.0973652768403351e-08,
        1.9912223996389332e-08,
        1.1219097334482568e-07,
        3.27147007130176e-05,
        0.9999642881750281,
        2.4594477397983016e-06,
        2.3674556145222942e-07,
        5.03953420253882e-08,
        1.8465010018362996e-08,
        2.1044450810886624e-08,
        4.228374754888187e-09,
        6.694962703474897e-09,
        1.997753175891821e-08,
        4.7966739693391115e-09,
        2.2530897741134319e-10,
        4.120712869989758e-09,
        4.6419399580652345e-09,
        8.108533813516057e-09,
        4.043477314765634e-09
    ]
}