{
    "generation": 0,
    "top_eigenvalues": [
        716.3021850585938,
        170.32249450683594,
        87.06941986083984
    ],
    "max_eigenvalue": 716.3021850585938,
    "spectral_ratio_proxy": 