{
  "attention": {
    "num_params": 26542080,
    "top_eigenvalues": [
      1461.5802001953125,
      158.70835876464844,
      118.5022201538086,
      108.7563247680664,
      -94.68229675292969,
      -109.46073913574219,
      -120.81075286865234,
      -271.0196838378906,
      -364.70306396484375,
      -2627.786376953125
    ],
    "top_eigenvalue": 1461.5802001953125,
    "bottom_eigenvalue": -2627.786376953125,
    "median_eigenvalue": -102.07151794433594,
    "num_positive": 4,
    "num_negative": 6,
    "spectral_ratio_abs": 14.319177667097849,
    "trace_approx": -1740.915771484375
  },
  "mlp": {
    "num_params": 79626240,
    "top_eigenvalues": [
      3448.232177734375,
      1157.6524658203125,
      574.0149536132812,
      482.3695068359375,
      439.2689208984375,
      297.0622863769531,
      275.1431579589844,
      -304.4401550292969,
      -631.0962524414062,
      -1550.423583984375
    ],
    "top_eigenvalue": 3448.232177734375,
    "bottom_eigenvalue": -1550.423583984375,
    "median_eigenvalue": 368.16558837890625,
    "num_positive": 7,
    "num_negative": 3,
    "spectral_ratio_abs": 9.365981739134039,
    "trace_approx": 4187.7841796875
  },
  "output": null
}