{
    "generation": 5,
    "spectral_ratio": 0.0,
    "bulk_width_iqr": 0.0,
    "top_eigenvalues": [
        -6439138.5,
        5608.32275390625,
        -2530.718994140625
    ],
    "plot_x": [],
    "plot_y": []
}