{
  "generation": 5,
  "total_parameters": 102082560,
  "top_eigenvalues": [
    133.28187561035156,
    -120.97409057617188,
    -120.23851013183594
  ],
  "eigenvalue_density": [
    134.07200622558594,
    103.34481811523438,
    -123.88477325439453,
    -118.68656921386719,
    -110.80433654785156,
    -104.6955337524414,
    -99.80089569091797,
    -96.9659652709961,
    -89.4688720703125,
    -82.18826293945312,
    -75.34600067138672,
    -67.69012451171875,
    79.48969268798828,
    -57.71986770629883,
    -48.456268310546875,
    -39.141021728515625,
    64.98677062988281,
    -29.690872192382812,
    54.664791107177734,
    51.136348724365234,
    -19.199560165405273,
    44.65273666381836,
    39.08910369873047,
    32.5445556640625,
    25.22747039794922,
    -9.636900901794434,
    0.0016771750524640083,
    -0.7254058122634888,
    16.705244064331055,
    7.58522891998291
  ],
  "max_eigenvalue": 133.28187561035156,
  "bulk_center": -14.418230533599854,
  "bulk_width": 117.9306640625,
  "spectral_ratio": 1.130171500939873,
  "computation_time_minutes": 16.74242133696874,
  "density_computed": true,
  "num_density_eigenvals": 30
}