{
  "generation": 3,
  "total_parameters": 102082560,
  "top_eigenvalues": [
    81.99668884277344,
    67.73810577392578,
    -69.4126968383789
  ],
  "eigenvalue_density": [
    82.2419204711914,
    68.11150360107422,
    60.7725715637207,
    53.49519348144531,
    48.80514907836914,
    40.670223236083984,
    38.68692398071289,
    33.58524703979492,
    30.51353645324707,
    -69.76889038085938,
    24.990589141845703,
    19.33128547668457,
    13.932586669921875,
    8.149698257446289,
    -5.82075044803787e-05,
    2.206265687942505,
    -2.6823620796203613,
    -8.744466781616211,
    -62.09549331665039,
    -59.4744758605957,
    -55.384830474853516,
    -53.312625885009766,
    -50.195404052734375,
    -45.9937629699707,
    -41.40811538696289,
    -14.891606330871582,
    -20.565990447998047,
    -37.59700012207031,
    -32.06757354736328,
    -26.964231491088867
  ],
  "max_eigenvalue": 81.99668884277344,
  "bulk_center": -1.3412101435624209,
  "bulk_width": 73.2726559638977,
  "spectral_ratio": 1.119062599330017,
  "computation_time_minutes": 12.248448165257772,
  "density_computed": true,
  "num_density_eigenvals": 30
}