{
  "generation": 0,
  "total_parameters": 102082560,
  "top_eigenvalues": [
    25.84781265258789,
    23.92129898071289,
    19.772245407104492
  ],
  "eigenvalue_density": [
    26.00632667541504,
    23.877086639404297,
    19.816694259643555,
    19.0198974609375,
    16.907262802124023,
    15.23199462890625,
    14.54155445098877,
    14.015238761901855,
    12.301151275634766,
    11.700515747070312,
    11.32181167602539,
    -2.395317316055298,
    -2.1205835342407227,
    -1.8142579793930054,
    -1.508628010749817,
    -1.0454334020614624,
    -0.41891559958457947,
    -0.00023025558039080352,
    0.06657759100198746,
    0.7254626750946045,
    1.423762559890747,
    2.3475570678710938,
    3.1336848735809326,
    4.104678153991699,
    5.120105266571045,
    5.987789630889893,
    9.701517105102539,
    9.399876594543457,
    7.255507469177246,
    8.196432113647461
  ],
  "max_eigenvalue": 25.84781265258789,
  "bulk_center": 6.536275216676066,
  "bulk_width": 6.857090255902913,
  "spectral_ratio": 3.769501594402502,
  "computation_time_minutes": 12.841431498527527,
  "density_computed": true,
  "num_density_eigenvals": 30
}