{
  "generation": 1,
  "total_parameters": 102082560,
  "top_eigenvalues": [
    64.21294403076172,
    60.55710220336914,
    61.075225830078125
  ],
  "eigenvalue_density": [
    64.9039077758789,
    61.46085739135742,
    59.7934684753418,
    45.28227233886719,
    40.666847229003906,
    37.446163177490234,
    34.42340087890625,
    32.72486114501953,
    29.757247924804688,
    29.452550888061523,
    25.73292350769043,
    23.094188690185547,
    20.580322265625,
    17.993452072143555,
    16.12483024597168,
    12.584132194519043,
    10.079143524169922,
    7.802877426147461,
    5.3250579833984375,
    -9.039104461669922,
    -8.507475852966309,
    -7.891918182373047,
    -6.760115623474121,
    -5.619540691375732,
    -4.20046329498291,
    3.036543846130371,
    -2.4867730140686035,
    0.8907023072242737,
    6.610003038076684e-05,
    -0.5813272595405579
  ],
  "max_eigenvalue": 64.21294403076172,
  "bulk_center": 14.354481220245361,
  "bulk_width": 32.41893675961364,
  "spectral_ratio": 1.9807233194259448,
  "computation_time_minutes": 8.972453184922536,
  "density_computed": true,
  "num_density_eigenvals": 30
}