{
    "generation": 1,
    "top_eigenvalues": [
        606.2533569335938,
        157.22787475585938,
        86.039794921875
    ],
    "bulk_width_iqr": 0.009315680086366055,
    "spectral_ratio": 65078.808129196565,
    "plot_x": [
        -20.06804084777832,
        -7.203105926513672,
        -4.529478549957275,
        -0.0163046233355999,
        0.0011153798550367355,
        3.8646199703216553,
        9.368093490600586,
        14.634244918823242,
        19.855730056762695,
        29.119813919067383,
        34.53868865966797,
        43.546775817871094,
        49.12255859375,
        51.86375045776367,
        60.11719512939453,
        85.79155731201172,
        89.6614990234375,
        93.3392105102539,
        157.33921813964844,
        606.5762329101562
    ],
    "plot_y": [
        1.4089589977543445e-12,
        8.07348776737037e-09,
        7.774199282725385e-08,
        0.06501471203029938,
        0.9349829013628133,
        1.5241672287202578e-06,
        4.3057303350711875e-07,
        1.4246585887505983e-07,
        8.304936777935258e-08,
        5.102026670112075e-08,
        3.560834671477371e-09,
        1.9038534118439568e-08,
        3.752771413945364e-09,
        4.279885165060446e-09,
        1.2424411241183537e-09,
        3.3046969444958126e-09,
        9.548592782358758e-09,
        9.632074359457074e-09,
        1.1446472679240427e-08,
        3.707938961878147e-09
    ]
}