{
  "generation": 5,
  "total_parameters": 102082560,
  "top_eigenvalues": [
    133.28126525878906,
    -122.567626953125,
    -118.5212173461914
  ],
  "eigenvalue_density": [
    134.0721435546875,
    103.34505462646484,
    79.48967742919922,
    64.98680114746094,
    54.707435607910156,
    50.40644836425781,
    46.659000396728516,
    38.092628479003906,
    31.629959106445312,
    24.530010223388672,
    16.33701515197754,
    6.9530463218688965,
    0.0008987292530946434,
    -1.2602444887161255,
    -10.290973663330078,
    -20.207733154296875,
    -29.85837745666504,
    -40.28722381591797,
    -123.88484954833984,
    -118.68634796142578,
    -48.9078254699707,
    -110.80728149414062,
    -103.36405181884766,
    -101.66446685791016,
    -95.70350646972656,
    -92.40975189208984,
    -58.739288330078125,
    -82.33941650390625,
    -75.72869873046875,
    -68.30976104736328
  ],
  "max_eigenvalue": 133.28126525878906,
  "bulk_center": -27.4520313480607,
  "bulk_width": 61.81890677634446,
  "spectral_ratio": 2.155995183496035,
  "computation_time_minutes": 17.25394217570623,
  "density_computed": true,
  "num_density_eigenvals": 30
}