{
    "generation": 0,
    "top_eigenvalues": [
        376.5133972167969,
        152.0807647705078,
        82.30521392822266
    ],
    "bulk_width_iqr": 0.01840081334041629,
    "spectral_ratio": 20461.78015347874,
    "model": "HuggingFaceTB/SmolLM-135M",
    "plot_x": [
        -15.017402648925781,
        -8.201864242553711,
        -3.7274906635284424,
        -0.03629663214087486,
        0.00025574490427970886,
        2.5744376182556152,
        6.314350605010986,
        10.974451065063477,
        15.12736988067627,
        20.760313034057617,
        25.99131202697754,
        31.135820388793945,
        33.94724655151367,
        37.71080780029297,
        43.20783615112305,
        58.19548797607422,
        60.78276062011719,
        82.42611694335938,
        152.2006072998047,
        376.6259460449219
    ],
    "plot_y": [
        2.710865976141008e-09,
        8.956353880762435e-09,
        4.931461106139068e-08,
        0.006769562140107155,
        0.99322909116745,
        2.401430492682266e-06,
        4.2857772086790646e-07,
        1.2794519932413095e-07,
        8.569098497446248e-08,
        3.805402926104762e-08,
        8.703674225785107e-09,
        2.2825238588097818e-08,
        5.4938515958724565e-09,
        2.868489445972955e-09,
        9.872739958893817e-09,
        1.4805919823501767e-09,
        5.457254648177923e-09,
        1.670090732375229e-09,
        2.1748446599190174e-08,
        1.6423514992425226e-08
    ]
}